,,,,,,,,,
,,,,,,,,,
,No,Data,Sumber,Tokenisasi, Stopword Removal,Stemming,Hasil Preprocessing,,Keyword = Imunisasi Balita
,1,"Gara-gara liat tiktok dampak dari imunisasi banyak yang sakit ada ibu kekeh TIDAK MAU IMUNISASI ANAKNYA LAGI, aku tercengang.anaknya udah umur 4 bulan baru 1x imunisasi katanya habis imunisasi demam dan dia gamau anaknya imunisasi lagi, gimana jelasinya sama ibu itu kalau imunisasi penting??",threads,"gara, gara, liat, tiktok, dampak, dari, imunisasi, banyak, yang, sakit, ada, ibu, kekeh, tidak, mau, imunisasi, anaknya, lagi, aku, tercengang, anaknya, udah, umur, bulan, baru, x, imunisasi, katanya, habis, imunisasi, demam, dan, dia, gamau, anaknya, imunisasi, lagi, gimana, jelasinya, sama, ibu, itu, kalau, imunisasi, penting","gara, gara, liat, tiktok, dampak, imunisasi, sakit, kekeh, imunisasi, anaknya, tercengang, anaknya, umur, x, imunisasi, habis, imunisasi, demam, gamau, anaknya, imunisasi, gimana, jelasinya, imunisasi","gara, gara, liat, tiktok, dampak, imunisas, sakit, keh, imunisas, anak, cengang, anak, umur, x, imunisas, habis, imunisas, demam, gamau, anak, imunisas, gimana, jelas, imunisas",gara gara liat tiktok dampak imunisas sakit keh imunisas anak cengang anak umur x imunisas habis imunisas demam gamau anak imunisas gimana jelas imunisas,,
,2,"Ini dokter2 pada nyalahin antivax, apa ga ada yang kepikiran buat edukasi insert label vaksin aja apa ya? Soal manfaat vaksin, siapa sih yang ga tau? Yang kita ga ngerti kan efek samping selain demam tuh apa aja dan gimana solusinya? Kenapa pada ngegas dan marah2 sih? Jadi berasa kayak ada something fishy ya gak sih?
Kalopun kasus penyakitnya naik, coba bandingkan ama puluhan juta anak Indo yg sehat2 aja kan sama aja rationya? Biasa yg kena KIPI dianggep cuma kejadian rare 0,000..% kan?",threads,"ini, dokter, pada, nyalahin, antivax, apa, ga, ada, yang, kepikiran, buat, edukasi, insert, label, vaksin, aja, apa, ya, soal, manfaat, vaksin, siapa, sih, yang, ga, tau, yang, kita, ga, ngerti, kan, efek, samping, selain, demam, tuh, apa, aja, dan, gimana, solusinya, kenapa, pada, ngegas, dan, marah, sih, jadi, berasa, kayak, ada, something, fishy, ya, gak, sih, kalopun, kasus, penyakitnya, naik, coba, bandingkan, ama, puluhan, juta, anak, indo, yg, sehat, aja, kan, sama, aja, rationya, biasa, yg, kena, kipi, dianggep, cuma, kejadian, rare, kan","dokter, nyalahin, antivax, kepikiran, edukasi, insert, label, vaksin, manfaat, vaksin, tau, ngerti, efek, samping, demam, tuh, gimana, solusinya, ngegas, marah, berasa, kayak, something, fishy, kalopun, penyakitnya, coba, bandingkan, ama, puluhan, juta, anak, indo, sehat, rationya, kena, kipi, dianggep, kejadian, rare","dokter, nyalahin, antivax, pikir, edukas, insert, label, vaksin, manfaat, vaksin, tau, ngert, efek, samping, demam, tuh, gimana, solus, ngegas, marah, asa, kayak, something, fishy, kalo, tyakit, coba, banding, ama, puluh, juta, anak, indo, hat, ratio, kena, kipi, anggep, jadi, rare",dokter nyalahin antivax pikir edukas insert label vaksin manfaat vaksin tau ngert efek samping demam tuh gimana solus ngegas marah asa kayak something fishy kalo tyakit coba banding ama puluh juta anak indo hat ratio kena kipi anggep jadi rare,,
,3,"Anak-anak ibuku vaksinnya lengkap, padahal kakakku lahir tahun 80an.
Semua vaksin dikejar sampai ke kabupaten/kota tetangga. Cari program imunisasi pemerintah.
Sebuah privilege punya ibu berpendidikan itu bisa dirasakan di setiap jengkal kehidupan kami anak-anaknya. Warisannya bukan harta tapi pola didik dan pola asuh.",threads,"anak, anak, ibuku, vaksinnya, lengkap, padahal, kakakku, lahir, tahun, an, semua, vaksin, dikejar, sampai, ke, kabupaten, kota, tetangga, cari, program, imunisasi, pemerintah, sebuah, privilege, punya, ibu, berpendidikan, itu, bisa, dirasakan, di, setiap, jengkal, kehidupan, kami, anak, anaknya, warisannya, bukan, harta, tapi, pola, didik, dan, pola, asuh","anak, anak, ibuku, vaksinnya, lengkap, kakakku, lahir, an, vaksin, dikejar, kabupaten, kota, tetangga, cari, program, imunisasi, pemerintah, privilege, berpendidikan, dirasakan, jengkal, kehidupan, anak, anaknya, warisannya, harta, pola, didik, pola, asuh","anak, anak, ibu, vaksin, lengkap, kakak, lahir, an, vaksin, kejar, kabupaten, kota, tetangga, cari, program, imunisas, perin, privilege, pendidi, rasa, jengkal, hidup, anak, anak, waris, harta, pola, dik, pola, asuh",anak anak ibu vaksin lengkap kakak lahir an vaksin kejar kabupaten kota tetangga cari program imunisas perin privilege pendidi rasa jengkal hidup anak anak waris harta pola dik pola asuh,,
,4,"Baru selesai imunisasi campak kemarin. Tetap menunaikan kewajiban sebagai orangtua dan memberikan hak anak 🫶
Semoga Anak-anakku diberi kesehatan dan terhindar dari penyakit.. Aamiin
MasyaAllah ta barakallah..  
",threads,"baru, selesai, imunisasi, campak, kemarin, tetap, menunaikan, kewajiban, sebagai, orangtua, dan, memberikan, hak, anak, semoga, anak, anakku, diberi, kesehatan, dan, terhindar, dari, penyakit, aamiin, masyaallah, ta, barakallah","selesai, imunisasi, campak, kemarin, menunaikan, kewajiban, orangtua, hak, anak, semoga, anak, anakku, kesehatan, terhindar, penyakit, aamiin, masyaallah, ta, barakallah","lesa, imunisas, campak, marin, tunai, wajib, orangtua, hak, anak, moga, anak, anak, sehat, hindar, tyakit, aamiin, masyaal, ta, barakal",lesa imunisas campak marin tunai wajib orangtua hak anak moga anak anak sehat hindar tyakit aamiin masyaal ta barakal,,
,5,"Catch Up imunisasi kejar MR (Measles Rubella) di Posyandu ILP Ngudi Waluyo 1 desa Kendengsidialit
Yuk bagi bapak ibu yg punya anak balita yg belum lengkap imunisasinya bs di kejar, bisa datang k Posyandu wilayah masing-masing atau hubungi bidan desa setempat..
#vaksinasi #imunisasianak #imunisasibayi #imunisasidasar #imunisasibalita ",threads,"catch, up, imunisasi, kejar, mr, measles, rubella, di, posyandu, ilp, ngudi, waluyo, desa, kendengsidialit, yuk, bagi, bapak, ibu, yg, punya, anak, balita, yg, belum, lengkap, imunisasinya, bs, di, kejar, bisa, datang, k, posyandu, wilayah, masing, masing, atau, hubungi, bidan, desa, setempat","catch, up, imunisasi, kejar, mr, measles, rubella, posyandu, ilp, ngudi, waluyo, desa, kendengsidialit, yuk, anak, balita, lengkap, imunisasinya, kejar, k, posyandu, wilayah, hubungi, bidan, desa","catch, up, imunisas, jar, mr, asles, rubella, posyandu, ilp, ngud, waluyo, desa, ndengsidialit, yuk, anak, balita, lengkap, imunisas, jar, k, posyandu, wilayah, hubung, bidan, desa",catch up imunisas jar mr asles rubella posyandu ilp ngud waluyo desa ndengsidialit yuk anak balita lengkap imunisas jar k posyandu wilayah hubung bidan desa,,
,6,"masih heran dengan ibu ibu yang ga imunisasi anaknya dengan dalih
""anakku ga imunisasi sehat sehat aja tuh""
padahal anaknya sehat karena berada di lingkungan anak anak yg imunisasi 😭 😔  ",threads,"masih, heran, dengan, ibu, ibu, yang, ga, imunisasi, anaknya, dengan, dalih, anakku, ga, imunisasi, sehat, sehat, aja, tuh, padahal, anaknya, sehat, karena, berada, di, lingkungan, anak, anak, yg, imunisasi","heran, imunisasi, anaknya, dalih, anakku, imunisasi, sehat, sehat, tuh, anaknya, sehat, lingkungan, anak, anak, imunisasi","heran, imunisas, anak, dalih, anak, imunisas, hat, hat, tuh, anak, hat, lingkung, anak, anak, imunisas",heran imunisas anak dalih anak imunisas hat hat tuh anak hat lingkung anak anak imunisas,,
,7,"Ditengah gempuran berita hoax tentang vaksin,
Meanwhile pasien saya:
💃bulan depan bisa vaksin apalagi ya dok?
Cukup bu, vaksin anakmu dah lengkap, tahun depan lagi aja vaksinnya buu 🫣😂  ",threads,"ditengah, gempuran, berita, hoax, tentang, vaksin, meanwhile, pasien, saya, bulan, depan, bisa, vaksin, apalagi, ya, dok, cukup, bu, vaksin, anakmu, dah, lengkap, tahun, depan, lagi, aja, vaksinnya, buu","ditengah, gempuran, berita, hoax, vaksin, meanwhile, pasien, vaksin, dok, bu, vaksin, anakmu, lengkap, vaksinnya, buu","tengah, gempur, ita, hoax, vaksin, anwhile, pasien, vaksin, dok, bu, vaksin, anak, lengkap, vaksin, buu",tengah gempur ita hoax vaksin anwhile pasien vaksin dok bu vaksin anak lengkap vaksin buu,,
,8,"Stop Vaksin, anak saya salah satu korban Vaksin , setelah vaksin bawaannya flu melulu , kalau keadaan anakku seperti ini siapa yang tanggung jawab, Pak Menteri tolong jngn di korbankan rakyatnya, Keluar dari WHO , Indonesia bisa mengobati dirinya sendiri, kembangkan obat herbal , indonesia kaya dengan rempah2, Bapak aja duluan Uji Coba",threads,"stop, vaksin, anak, saya, salah, satu, korban, vaksin, setelah, vaksin, bawaannya, flu, melulu, kalau, keadaan, anakku, seperti, ini, siapa, yang, tanggung, jawab, pak, menteri, tolong, jngn, di, korbankan, rakyatnya, keluar, dari, who, indonesia, bisa, mengobati, dirinya, sendiri, kembangkan, obat, herbal, indonesia, kaya, dengan, rempah, bapak, aja, duluan, uji, coba","stop, vaksin, anak, salah, korban, vaksin, vaksin, bawaannya, flu, melulu, anakku, tanggung, menteri, tolong, jngn, korbankan, rakyatnya, who, indonesia, mengobati, kembangkan, obat, herbal, indonesia, kaya, rempah, duluan, uji, coba","stop, vaksin, anak, sa, korb, vaksin, vaksin, bawa, flu, lulu, anak, tanggung, ter, tolong, jngn, korban, rakyat, who, indonesia, tgobat, mbang, obat, herbal, indonesia, kaya, rempah, dulu, uji, coba",stop vaksin anak sa korb vaksin vaksin bawa flu lulu anak tanggung ter tolong jngn korban rakyat who indonesia tgobat mbang obat herbal indonesia kaya rempah dulu uji coba,,
,9,"Lagi dan lagi, pasien anak campak usia 4 tahun, riwayat imunisasi tidak pernah sama sekali. Lebih parahnya di TK-nya semua lagi demam tinggi. Anak tetangganya juga kena campak gamau dibawa ke RS.
Gamau vaksin krn katanya sempat viral kandungan vaksin mengandung blablabla.
BPJS PBI",threads,"lagi, dan, lagi, pasien, anak, campak, usia, tahun, riwayat, imunisasi, tidak, pernah, sama, sekali, lebih, parahnya, di, tk, nya, semua, lagi, demam, tinggi, anak, tetangganya, juga, kena, campak, gamau, dibawa, ke, rs, gamau, vaksin, krn, katanya, sempat, viral, kandungan, vaksin, mengandung, blablabla, bpjs, pbi","pasien, anak, campak, usia, riwayat, imunisasi, parahnya, tk, nya, demam, anak, tetangganya, kena, campak, gamau, dibawa, rs, gamau, vaksin, viral, kandungan, vaksin, mengandung, blablabla, bpjs, pbi","pasien, anak, campak, usia, riwayat, imunisas, parah, tk, nya, demam, anak, tetangga, kena, campak, gamau, bawa, rs, gamau, vaksin, viral, kandung, vaksin, tgandung, blablabla, bpjs, pbi",pasien anak campak usia riwayat imunisas parah tk nya demam anak tetangga kena campak gamau bawa rs gamau vaksin viral kandung vaksin tgandung blablabla bpjs pbi,,
,10,"Imunisasi itu hak anak, bukan hak ibu. Ingat ya, bukan si ibu yang diimunisasi, tapi si anak. Anak kita berhak sehat. Kasian tau mak ah..  
",threads,"imunisasi, itu, hak, anak, bukan, hak, ibu, ingat, ya, bukan, si, ibu, yang, diimunisasi, tapi, si, anak, anak, kita, berhak, sehat, kasian, tau, mak, ah","imunisasi, hak, anak, hak, si, diimunisasi, si, anak, anak, berhak, sehat, kasian, tau, mak, ah","imunisas, hak, anak, hak, si, imunisas, si, anak, anak, hak, hat, kasi, tau, mak, ah",imunisas hak anak hak si imunisas si anak anak hak hat kasi tau mak ah,,
,11,"Update soal vaksin di WA story, kalo gak vaksin gak ku bolehin main dan sentuh anakku. Kaget banget ih, ternyata temenku gak vaksin anaknya🙂🙂🙂🙂🙂
Vaksin aja dibilang pro, padahal menurutku itu tanggung jawab kita sebagai orang tua. Kasih yang terbaik buat anak. Jawab gitu aja biar beres, karena udah beda prinsip soalnya.",threads,"update, soal, vaksin, di, wa, story, kalo, gak, vaksin, gak, ku, bolehin, main, dan, sentuh, anakku, kaget, banget, ih, ternyata, temenku, gak, vaksin, anaknya, vaksin, aja, dibilang, pro, padahal, menurutku, itu, tanggung, jawab, kita, sebagai, orang, tua, kasih, yang, terbaik, buat, anak, jawab, gitu, aja, biar, beres, karena, udah, beda, prinsip, soalnya","update, vaksin, wa, story, kalo, vaksin, ku, bolehin, main, sentuh, anakku, kaget, ih, temenku, vaksin, anaknya, vaksin, dibilang, pro, menurutku, tanggung, orang, tua, kasih, terbaik, anak, gitu, biar, beres, beda, prinsip","update, vaksin, wa, story, kalo, vaksin, ku, bolehin, main, ntuh, anak, kaget, ih, temen, vaksin, anak, vaksin, bilang, pro, turut, tanggung, orang, tua, kasih, baik, anak, gitu, biar, beres, beda, prinsip",update vaksin wa story kalo vaksin ku bolehin main ntuh anak kaget ih temen vaksin anak vaksin bilang pro turut tanggung orang tua kasih baik anak gitu biar beres beda prinsip,,
,12,"Buibuuu anakku kan hariini suntik dpt
Aku sebagai newmom agak syok sama hargnya 🥹🤍 kalo selanjutnya kita lanjut kepuskesmas apa boleh ga yaa? Huhu",threads,"buibuuu, anakku, kan, hariini, suntik, dpt, aku, sebagai, newmom, agak, syok, sama, hargnya, kalo, selanjutnya, kita, lanjut, kepuskesmas, apa, boleh, ga, yaa, huhu","buibuuu, anakku, hariini, suntik, dpt, newmom, syok, hargnya, kalo, kepuskesmas, huhu","buibuuu, anak, hariin, suntik, dpt, newmom, syok, harg, kalo, puskesmas, huhu",buibuuu anak hariin suntik dpt newmom syok harg kalo puskesmas huhu,,
,13,"Imunisasi dasar merupakan salah satu upaya untuk membentuk kekebalan tubuh anak, sehingga mencegah penularaan penyakit berbahaya, wabah, serta membantu anak tidak mudah sakit.",threads,"imunisasi, dasar, merupakan, salah, satu, upaya, untuk, membentuk, kekebalan, tubuh, anak, sehingga, mencegah, penularaan, penyakit, berbahaya, wabah, serta, membantu, anak, tidak, mudah, sakit","imunisasi, dasar, salah, upaya, membentuk, kekebalan, tubuh, anak, mencegah, penularaan, penyakit, berbahaya, wabah, membantu, anak, mudah, sakit","imunisas, dasar, sa, upaya, bentuk, kebal, tubuh, anak, cegah, tulara, tyakit, bahaya, wabah, bantu, anak, mudah, sakit",imunisas dasar sa upaya bentuk kebal tubuh anak cegah tulara tyakit bahaya wabah bantu anak mudah sakit,,
,14,"Bunnnn. Anaknya yg belum imunisasi campak, TOLONG disegerakan imunisasinya ya bunnn. Kasus campak pada bayi, balita lg naik bgt awal tahun ini huhu.
Anakku pun kena, dan aku menyesal menyepelekan imunisasi campak ini, karna efeknya parah bgt untuk yg blm imunisasi😩😩
Jangan lupa bun yg anaknya belum imunisasi campak, disegerakannn",threads,"bunnnn, anaknya, yg, belum, imunisasi, campak, tolong, disegerakan, imunisasinya, ya, bunnn, kasus, campak, pada, bayi, balita, lg, naik, bgt, awal, tahun, ini, huhu, anakku, pun, kena, dan, aku, menyesal, menyepelekan, imunisasi, campak, ini, karna, efeknya, parah, bgt, untuk, yg, blm, imunisasi, jangan, lupa, bun, yg, anaknya, belum, imunisasi, campak, disegerakannn","bunnnn, anaknya, imunisasi, campak, tolong, disegerakan, imunisasinya, bunnn, campak, bayi, balita, lg, huhu, anakku, kena, menyesal, menyepelekan, imunisasi, campak, karna, efeknya, parah, blm, imunisasi, lupa, bun, anaknya, imunisasi, campak, disegerakannn","bunnnn, anak, imunisas, campak, tolong, segera, imunisas, bunnn, campak, bayi, balita, lg, huhu, anak, kena, tyesal, tyepele, imunisas, campak, karna, efek, parah, blm, imunisas, lupa, bun, anak, imunisas, campak, segerakannn",bunnnn anak imunisas campak tolong segera imunisas bunnn campak bayi balita lg huhu anak kena tyesal tyepele imunisas campak karna efek parah blm imunisas lupa bun anak imunisas campak segerakannn,,
,15,"Banyak moms & dads bingung: “Kenapa imunisasi di posyandu gratis, tapi di dokter anak bisa jutaan? Apa bedanya vaksinnya? Lebih bagus yang mana?”
Yuk kita bahas fakta berdasarkan info dari Kemenkes, IDAI, dan pengalaman orang tua. No judgement, pure edukasi! 👶💉",threads,"banyak, moms, dads, bingung, kenapa, imunisasi, di, posyandu, gratis, tapi, di, dokter, anak, bisa, jutaan, apa, bedanya, vaksinnya, lebih, bagus, yang, mana, yuk, kita, bahas, fakta, berdasarkan, info, dari, kemenkes, idai, dan, pengalaman, orang, tua, no, judgement, pure, edukasi","moms, dads, bingung, imunisasi, posyandu, gratis, dokter, anak, jutaan, bedanya, vaksinnya, bagus, yuk, bahas, fakta, berdasarkan, info, kemenkes, idai, pengalaman, orang, tua, no, judgement, pure, edukasi","moms, dads, bingung, imunisas, posyandu, gratis, dokter, anak, juta, beda, vaksin, bagus, yuk, bahas, fakta, dasar, info, menkes, idai, tgalam, orang, tua, no, judgement, pure, edukas",moms dads bingung imunisas posyandu gratis dokter anak juta beda vaksin bagus yuk bahas fakta dasar info menkes idai tgalam orang tua no judgement pure edukas,,
,16,"Jadi orangtua waras & pinter itu harus!
Anak punya hak untuk aman dari penyakit. Imunisasi itu hak anak, bukan cuma pilihan orang tua. Tapi masih ada yang skip dan ini bahaya 💔
Nih baca🫵🏻
Kalo sekitar anak lo pada imunisasi >> anak lo kayak punya ‘perisai tembok’ dari penyakit.
Kalo banyak yang ga imunisasi >> temboknya bocor, wabah gampang nyebar.
Ini disebut: Herd Immunity, gampangnya: kita lindungin satu sama lain
Jadi tolong sadar diri ya yg antivaks bisa jauh"" dari kita yg anaknya vaksin",threads,"jadi, orangtua, waras, pinter, itu, harus, anak, punya, hak, untuk, aman, dari, penyakit, imunisasi, itu, hak, anak, bukan, cuma, pilihan, orang, tua, tapi, masih, ada, yang, skip, dan, ini, bahaya, nih, baca, kalo, sekitar, anak, lo, pada, imunisasi, anak, lo, kayak, punya, perisai, tembok, dari, penyakit, kalo, banyak, yang, ga, imunisasi, temboknya, bocor, wabah, gampang, nyebar, ini, disebut, herd, immunity, gampangnya, kita, lindungin, satu, sama, lain, jadi, tolong, sadar, diri, ya, yg, antivaks, bisa, jauh, dari, kita, yg, anaknya, vaksin","orangtua, waras, pinter, anak, hak, aman, penyakit, imunisasi, hak, anak, pilihan, orang, tua, skip, bahaya, baca, kalo, anak, lo, imunisasi, anak, lo, kayak, perisai, tembok, penyakit, kalo, imunisasi, temboknya, bocor, wabah, gampang, nyebar, herd, immunity, gampangnya, lindungin, tolong, sadar, antivaks, anaknya, vaksin","orangtua, waras, pinter, anak, hak, aman, tyakit, imunisas, hak, anak, pilih, orang, tua, skip, bahaya, baca, kalo, anak, lo, imunisas, anak, lo, kayak, isa, tembok, tyakit, kalo, imunisas, tembok, bocor, wabah, gampang, nyebar, herd, immunity, gampang, lindungin, tolong, sadar, antivaks, anak, vaksin",orangtua waras pinter anak hak aman tyakit imunisas hak anak pilih orang tua skip bahaya baca kalo anak lo imunisas anak lo kayak isa tembok tyakit kalo imunisas tembok bocor wabah gampang nyebar herd immunity gampang lindungin tolong sadar antivaks anak vaksin,,
,17,"Anak-anak ibuku vaksinnya lengkap, padahal kakakku lahir tahun 80an.
Semua vaksin dikejar sampai ke kabupaten/kota tetangga. Cari program imunisasi pemerintah.
Sebuah privilege punya ibu berpendidikan itu bisa dirasakan di setiap jengkal kehidupan kami anak-anaknya. Warisannya bukan harta tapi pola didik dan pola asuh.  ",threads,"anak, anak, ibuku, vaksinnya, lengkap, padahal, kakakku, lahir, tahun, an, semua, vaksin, dikejar, sampai, ke, kabupaten, kota, tetangga, cari, program, imunisasi, pemerintah, sebuah, privilege, punya, ibu, berpendidikan, itu, bisa, dirasakan, di, setiap, jengkal, kehidupan, kami, anak, anaknya, warisannya, bukan, harta, tapi, pola, didik, dan, pola, asuh","anak, anak, ibuku, vaksinnya, lengkap, kakakku, lahir, an, vaksin, dikejar, kabupaten, kota, tetangga, cari, program, imunisasi, pemerintah, privilege, berpendidikan, dirasakan, jengkal, kehidupan, anak, anaknya, warisannya, harta, pola, didik, pola, asuh","anak, anak, ibu, vaksin, lengkap, kakak, lahir, an, vaksin, kejar, kabupaten, kota, tetangga, cari, program, imunisas, perin, privilege, pendidi, rasa, jengkal, hidup, anak, anak, waris, harta, pola, dik, pola, asuh",anak anak ibu vaksin lengkap kakak lahir an vaksin kejar kabupaten kota tetangga cari program imunisas perin privilege pendidi rasa jengkal hidup anak anak waris harta pola dik pola asuh,,
,18,"BAYI BAYI ITU PRODUK BIOLOGIS, BUKAN PRODUK PABRIK MAKA JANGAN SEMUA DIPERLUKAN SAMA HARUS VAKSIN. BISA CACAT & MATI BAGI SEBAGIAN LAIN",threads,"bayi, bayi, itu, produk, biologis, bukan, produk, pabrik, maka, jangan, semua, diperlukan, sama, harus, vaksin, bisa, cacat, mati, bagi, sebagian, lain","bayi, bayi, produk, biologis, produk, pabrik, vaksin, cacat, mati","bayi, bayi, produk, biologis, produk, pabrik, vaksin, cacat, mati",bayi bayi produk biologis produk pabrik vaksin cacat mati,,
,19,"halo ayah bunda
om dan tante
karena maraknya KLB (kejadian luar biasa) Campak sampai gejala berat, saya mau tanya donk pendapatnya tentang imunisasi/vaksin
no offense ya, silahkan kita berdiskusi ☺️
saya jadi moderatornya",threads,"halo, ayah, bunda, om, dan, tante, karena, maraknya, klb, kejadian, luar, biasa, campak, sampai, gejala, berat, saya, mau, tanya, donk, pendapatnya, tentang, imunisasi, vaksin, no, offense, ya, silahkan, kita, berdiskusi, saya, jadi, moderatornya","halo, ayah, bunda, om, tante, maraknya, klb, kejadian, campak, gejala, berat, donk, pendapatnya, imunisasi, vaksin, no, offense, silahkan, berdiskusi, moderatornya","halo, ayah, bunda, om, tante, marak, klb, jadi, campak, gejala, berat, donk, dapat, imunisas, vaksin, no, offense, silah, diskus, moderator",halo ayah bunda om tante marak klb jadi campak gejala berat donk dapat imunisas vaksin no offense silah diskus moderator,,
,20,"VAKSIN.. Selain vaksin varicella dan influenza, ada lagi gak mom vaksin yang penting tapi gak termasuk program 'gratis' pemerintah. Thanks for sharing.
Maaff aku tim pro vaksin ya moms, kalo ada yang anti vaksin, kita beda kapal yahhh🙏",threads,"vaksin, selain, vaksin, varicella, dan, influenza, ada, lagi, gak, mom, vaksin, yang, penting, tapi, gak, termasuk, program, gratis, pemerintah, thanks, for, sharing, maaff, aku, tim, pro, vaksin, ya, moms, kalo, ada, yang, anti, vaksin, kita, beda, kapal, yahhh","vaksin, vaksin, varicella, influenza, mom, vaksin, program, gratis, pemerintah, thanks, for, sharing, maaff, tim, pro, vaksin, moms, kalo, anti, vaksin, beda, kapal, yahhh","vaksin, vaksin, varicella, influenza, mom, vaksin, program, gratis, perin, thanks, for, sharing, maaff, tim, pro, vaksin, moms, kalo, anti, vaksin, beda, kapal, yahhh",vaksin vaksin varicella influenza mom vaksin program gratis perin thanks for sharing maaff tim pro vaksin moms kalo anti vaksin beda kapal yahhh,,
,21,"Astaghfirullah, adek sepupu gua meninggal karena campak😭😭. Usianya baru 4 bulan, jadi blm dapat imunisasi campak. Kami sekeluarga gk antivax, tapi ttp aja bisa kena dampaknya.
Persetan ya ibu2 yg antivax, hidup di mars aja sana!!!",threads,"astaghfirullah, adek, sepupu, gua, meninggal, karena, campak, usianya, baru, bulan, jadi, blm, dapat, imunisasi, campak, kami, sekeluarga, gk, antivax, tapi, ttp, aja, bisa, kena, dampaknya, persetan, ya, ibu, yg, antivax, hidup, di, mars, aja, sana","astaghfirullah, adek, sepupu, gua, meninggal, campak, usianya, blm, imunisasi, campak, sekeluarga, antivax, ttp, kena, dampaknya, persetan, antivax, hidup, mars","astaghfirul, adek, pupu, gua, tinggal, campak, usia, blm, imunisas, campak, keluarga, antivax, ttp, kena, dampak, set, antivax, hidup, mars",astaghfirul adek pupu gua tinggal campak usia blm imunisas campak keluarga antivax ttp kena dampak set antivax hidup mars,,
,22,"Perkara vaksin & antivax ini menarik sekali ya.
Mau membagikan sedikit sudut pandangku yang masih abu abu
Disclaimer anakku vaksin lengkap ya
Beberapa bulan ini aku mengikuti beberapa akun berbau wellness holistik & healthy lifestyle. Beberapa menganut antivax. Secara tidak langsung dengan membaca story mereka jd mulai paham reason & pola pikir-nya.",threads,"perkara, vaksin, antivax, ini, menarik, sekali, ya, mau, membagikan, sedikit, sudut, pandangku, yang, masih, abu, abu, disclaimer, anakku, vaksin, lengkap, ya, beberapa, bulan, ini, aku, mengikuti, beberapa, akun, berbau, wellness, holistik, healthy, lifestyle, beberapa, menganut, antivax, secara, tidak, langsung, dengan, membaca, story, mereka, jd, mulai, paham, reason, pola, pikir, nya","perkara, vaksin, antivax, menarik, membagikan, sudut, pandangku, abu, abu, disclaimer, anakku, vaksin, lengkap, mengikuti, akun, berbau, wellness, holistik, healthy, lifestyle, menganut, antivax, langsung, membaca, story, jd, paham, reason, pola, pikir, nya","kara, vaksin, antivax, tarik, bagi, sudut, pandang, abu, abu, sclaimer, anak, vaksin, lengkap, tgikut, akun, bau, wellness, holistik, healthy, lifestyle, tganut, antivax, langsung, baca, story, jd, paham, reason, pola, pikir, nya",kara vaksin antivax tarik bagi sudut pandang abu abu sclaimer anak vaksin lengkap tgikut akun bau wellness holistik healthy lifestyle tganut antivax langsung baca story jd paham reason pola pikir nya,,
,23,"Balita yg habis imunisasi demam itu wajar kan ya katanya?
Terus kalo kakinya sampe bengkak itu aman gak sih atau normal gak sih?
Ini terjadi di keponakan aku soalnya  ",threads,"balita, yg, habis, imunisasi, demam, itu, wajar, kan, ya, katanya, terus, kalo, kakinya, sampe, bengkak, itu, aman, gak, sih, atau, normal, gak, sih, ini, terjadi, di, keponakan, aku, soalnya","balita, habis, imunisasi, demam, wajar, kalo, kakinya, sampe, bengkak, aman, normal, keponakan","balita, habis, imunisas, demam, wajar, kalo, kaki, sampe, ngkak, aman, normal, pona",balita habis imunisas demam wajar kalo kaki sampe ngkak aman normal pona,,
,24,"Bu ibuu tolong kasih tips penanganan imunisasi dpt 1, minggu depan bayiku imunisasii , takutnya dapat banget:(",threads,"bu, ibuu, tolong, kasih, tips, penanganan, imunisasi, dpt, minggu, depan, bayiku, imunisasii, takutnya, dapat, banget","bu, ibuu, tolong, kasih, tips, penanganan, imunisasi, dpt, minggu, bayiku, imunisasii, takutnya","bu, ibuu, tolong, kasih, tips, tangan, imunisas, dpt, minggu, bayi, imunisasi, takut",bu ibuu tolong kasih tips tangan imunisas dpt minggu bayi imunisasi takut,,
,25,"✨caraku melalui imunisasi dpt 1 anti paha nyeri dan demam mentok 37drjt club✨
1. setelah pulang dari posyandu, ganti baju tipis nyaman dan kompres bekas suntikan dengan air dingin. kalau aku pakai es batu dibalut kain bersih. 5 menitan aja.",threads,"caraku, melalui, imunisasi, dpt, anti, paha, nyeri, dan, demam, mentok, drjt, club, setelah, pulang, dari, posyandu, ganti, baju, tipis, nyaman, dan, kompres, bekas, suntikan, dengan, air, dingin, kalau, aku, pakai, es, batu, dibalut, kain, bersih, menitan, aja","caraku, imunisasi, dpt, anti, paha, nyeri, demam, mentok, drjt, club, pulang, posyandu, ganti, baju, tipis, nyaman, kompres, bekas, suntikan, air, dingin, pakai, es, batu, dibalut, kain, bersih, menitan","cara, imunisas, dpt, anti, paha, nyer, demam, tok, drjt, club, pulang, posyandu, gant, baju, tipis, nyam, kompres, kas, sunti, air, ngin, paka, es, batu, balut, kain, sih, tit",cara imunisas dpt anti paha nyer demam tok drjt club pulang posyandu gant baju tipis nyam kompres kas sunti air ngin paka es batu balut kain sih tit,,
,26,"Rugi banget kalau anak kita tidak mendapat imunisasi lengkap tuh, soalnya imunisasi sangat membantu tubuh untuk siap melawan berbagai penyakit berbahaya: 

• HB0 (0–24 jam) ➡️ mencegah Hepatitis B (yang bisa berlanjut jadi Kanker Hati)

• BCG (1 bulan) ➡️ mencegah Tuberkulosis

• Polio Tetes (1–4 bulan) ➡️ mencegah Poliomyelitis

• DPT-HB-HIB (2–4 bulan) ➡️ mencegah Difteri, Pertusis, Tetanus, Hepatitis B, serta infeksi Hib (radang otak & paru)

• PCV (2–12 bulan) ➡️ mencegah pneumonia, meningitis, dan infeksi berat akibat bakteri pneumokokus

• Rotavirus (2–4 bulan) ➡️ mencegah diare berat

• IPV (4–9 bulan) ➡️ perlindungan tambahan terhadap Poliomyelitis

• MR (9 bulan–15 tahun) ➡️ mencegah Campak dan Rubella

• Booster (DPT-HB-HIB & MR) ➡️ memperkuat perlindungan agar imun tetap optimal",X.com,"rugi, banget, kalau, anak, kita, tidak, mendapat, imunisasi, lengkap, tuh, soalnya, imunisasi, sangat, membantu, tubuh, untuk, siap, melawan, berbagai, penyakit, berbahaya, hb, jam, mencegah, hepatitis, b, yang, bisa, berlanjut, jadi, kanker, hati, bcg, bulan, mencegah, tuberkulosis, polio, tetes, bulan, mencegah, poliomyelitis, dpt, hb, hib, bulan, mencegah, difteri, pertusis, tetanus, hepatitis, b, serta, infeksi, hib, radang, otak, paru, pcv, bulan, mencegah, pneumonia, meningitis, dan, infeksi, berat, akibat, bakteri, pneumokokus, rotavirus, bulan, mencegah, diare, berat, ipv, bulan, perlindungan, tambahan, terhadap, poliomyelitis, mr, bulan, tahun, mencegah, campak, dan, rubella, booster, dpt, hb, hib, mr, memperkuat, perlindungan, agar, imun, tetap, optimal","rugi, anak, imunisasi, lengkap, tuh, imunisasi, membantu, tubuh, melawan, penyakit, berbahaya, hb, jam, mencegah, hepatitis, b, berlanjut, kanker, hati, bcg, mencegah, tuberkulosis, polio, tetes, mencegah, poliomyelitis, dpt, hb, hib, mencegah, difteri, pertusis, tetanus, hepatitis, b, infeksi, hib, radang, otak, paru, pcv, mencegah, pneumonia, meningitis, infeksi, berat, akibat, bakteri, pneumokokus, rotavirus, mencegah, diare, berat, ipv, perlindungan, tambahan, poliomyelitis, mr, mencegah, campak, rubella, booster, dpt, hb, hib, mr, memperkuat, perlindungan, imun, optimal","rugi, anak, imunisas, lengkap, tuh, imunisas, bantu, tubuh, law, tyakit, bahaya, hb, jam, cegah, hepatitis, b, lanjut, kanker, hati, bcg, cegah, tuberkulosis, polio, tetes, cegah, poliomyelitis, dpt, hb, hib, cegah, fter, tusis, tetanus, hepatitis, b, infeks, hib, radang, otak, paru, pcv, cegah, pneumonia, tingitis, infeks, berat, akibat, bakter, pneumokokus, rotavirus, cegah, are, berat, ipv, lindung, tambah, poliomyelitis, mr, cegah, campak, rubella, booster, dpt, hb, hib, mr, kuat, lindung, imun, optimal",rugi anak imunisas lengkap tuh imunisas bantu tubuh law tyakit bahaya hb jam cegah hepatitis b lanjut kanker hati bcg cegah tuberkulosis polio tetes cegah poliomyelitis dpt hb hib cegah fter tusis tetanus hepatitis b infeks hib radang otak paru pcv cegah pneumonia tingitis infeks berat akibat bakter pneumokokus rotavirus cegah are berat ipv lindung tambah poliomyelitis mr cegah campak rubella booster dpt hb hib mr kuat lindung imun optimal,,
,27,"Kasus Campak di Indonesia Naik Lagi😞💔 Indonesia Peringkat 2 KLB Campak Dunia.

Bulan lalu seorang ibu bawa anaknya yang usia 4th dengan keluhan seperti tanda gejala campak.

Btw dari awal emang udah curiga beliau tipe yang antivaksin, soalnya beliau jg gak pernah pake KB. Padahal udah punya 6 anak, posisi rahim juga udh turun/prolaps uteri😞

🙍‍♀️Bu anak saya bapilnas sudah 5hari, kok ga sembuh2 ya? Malah tambah gatal ruam merah-merah gini? apa alergi obat ya bu?

👩‍⚕️Loh bu ini ruam-ruam merahnya muncul mulai kapan? ruam-ruamnya cmn area sini aja atau sebadan? (ruam area garis rambut sampe belakang telinga)

🙍‍♀️Baru kemaren sore bu mulai ruamnya

👩‍⚕️Imunisasi anaknya sudah lengkap kan bu?

🙍‍♀️Anak saya gak pernah vaksin bu dari bayi

👩‍⚕️....

Padahal ada vaksin gratis untuk campak di Indo untuk bayi, balita, anak SD dan bahkan sekarang udah ada buat orang dewasa juga.

Kalo disekitar kalian ada yg terkena campak waspada ya. Karena harus segera ditangani konsumsi vit A untuk mencegah kebutaan dan juga di isolasi di RS buat mncegah komplikasi.",X.com,"kasus, campak, di, indonesia, naik, lagi, indonesia, peringkat, klb, campak, dunia, bulan, lalu, seorang, ibu, bawa, anaknya, yang, usia, th, dengan, keluhan, seperti, tanda, gejala, campak, btw, dari, awal, emang, udah, curiga, beliau, tipe, yang, antivaksin, soalnya, beliau, jg, gak, pernah, pake, kb, padahal, udah, punya, anak, posisi, rahim, juga, udh, turun, prolaps, uteri, bu, anak, saya, bapilnas, sudah, hari, kok, ga, sembuh, ya, malah, tambah, gatal, ruam, merah, merah, gini, apa, alergi, obat, ya, bu, loh, bu, ini, ruam, ruam, merahnya, muncul, mulai, kapan, ruam, ruamnya, cmn, area, sini, aja, atau, sebadan, ruam, area, garis, rambut, sampe, belakang, telinga, baru, kemaren, sore, bu, mulai, ruamnya, imunisasi, anaknya, sudah, lengkap, kan, bu, anak, saya, gak, pernah, vaksin, bu, dari, bayi, padahal, ada, vaksin, gratis, untuk, campak, di, indo, untuk, bayi, balita, anak, sd, dan, bahkan, sekarang, udah, ada, buat, orang, dewasa, juga, kalo, disekitar, kalian, ada, yg, terkena, campak, waspada, ya, karena, harus, segera, ditangani, konsumsi, vit, a, untuk, mencegah, kebutaan, dan, juga, di, isolasi, di, rs, buat, mncegah, komplikasi","campak, indonesia, indonesia, peringkat, klb, campak, dunia, bawa, anaknya, usia, th, keluhan, tanda, gejala, campak, btw, curiga, beliau, tipe, antivaksin, beliau, jg, pake, kb, anak, posisi, rahim, turun, prolaps, uteri, bu, anak, bapilnas, sembuh, gatal, ruam, merah, merah, gini, alergi, obat, bu, bu, ruam, ruam, merahnya, muncul, ruam, ruamnya, cmn, area, sebadan, ruam, area, garis, rambut, sampe, telinga, kemaren, sore, bu, ruamnya, imunisasi, anaknya, lengkap, bu, anak, vaksin, bu, bayi, vaksin, gratis, campak, indo, bayi, balita, anak, sd, orang, dewasa, kalo, disekitar, terkena, campak, waspada, ditangani, konsumsi, vit, a, mencegah, kebutaan, isolasi, rs, mncegah, komplikasi","campak, indonesia, indonesia, ingkat, klb, campak, dunia, bawa, anak, usia, th, luh, tanda, gejala, campak, btw, curiga, liau, tipe, antivaksin, liau, jg, pake, kb, anak, posis, rahim, turun, prolaps, uter, bu, anak, bapilnas, mbuh, gatal, ruam, rah, rah, gini, alerg, obat, bu, bu, ruam, ruam, rah, muncul, ruam, ruam, cmn, area, bad, ruam, area, garis, rambut, sampe, telinga, maren, sore, bu, ruam, imunisas, anak, lengkap, bu, anak, vaksin, bu, bayi, vaksin, gratis, campak, indo, bayi, balita, anak, sd, orang, dewasa, kalo, sekitar, kena, campak, waspada, tangan, konsums, vit, a, cegah, buta, isolas, rs, mncegah, komplikas",campak indonesia indonesia ingkat klb campak dunia bawa anak usia th luh tanda gejala campak btw curiga liau tipe antivaksin liau jg pake kb anak posis rahim turun prolaps uter bu anak bapilnas mbuh gatal ruam rah rah gini alerg obat bu bu ruam ruam rah muncul ruam ruam cmn area bad ruam area garis rambut sampe telinga maren sore bu ruam imunisas anak lengkap bu anak vaksin bu bayi vaksin gratis campak indo bayi balita anak sd orang dewasa kalo sekitar kena campak waspada tangan konsums vit a cegah buta isolas rs mncegah komplikas,,
,28,"Varian Delta dan Delta Plus tinggi risiko penularan pada anak, negara-negara yang sekolah buka meningkat angka kematian komplikasi anak. Pada anak risiko MIS-C dan Covid menyebabkan pelbagai masalah jangka panjang. Anak2 saya akan divaksin, pakai Sinovac aja, teknologi lama.",X.com,"varian, delta, dan, delta, plus, tinggi, risiko, penularan, pada, anak, negara, negara, yang, sekolah, buka, meningkat, angka, kematian, komplikasi, anak, pada, anak, risiko, mis, c, dan, covid, menyebabkan, pelbagai, masalah, jangka, panjang, anak, saya, akan, divaksin, pakai, sinovac, aja, teknologi, lama","varian, delta, delta, plus, risiko, penularan, anak, negara, negara, sekolah, buka, meningkat, angka, kematian, komplikasi, anak, anak, risiko, mis, c, covid, menyebabkan, pelbagai, jangka, anak, divaksin, pakai, sinovac, teknologi","vari, delta, delta, plus, risiko, tular, anak, negara, negara, seko, buka, tingkat, angka, mati, komplikas, anak, anak, risiko, mis, c, covid, tyebab, lbaga, jangka, anak, vaksin, paka, sinovac, teknolog",vari delta delta plus risiko tular anak negara negara seko buka tingkat angka mati komplikas anak anak risiko mis c covid tyebab lbaga jangka anak vaksin paka sinovac teknolog,,
,29,"Aku heran, sama orang yang bilang vaksin imunisasi balita itu gak baik, menimbulkan penyakit 😂 bahkan dia bangga anake gak diimunisasi sama sekali 🥲 tapi update an akhir-akhir Inj anaknya masuk RS kayanya kena sejenis pneumia gitu 🫠 piye yaa..",X.com,"aku, heran, sama, orang, yang, bilang, vaksin, imunisasi, balita, itu, gak, baik, menimbulkan, penyakit, bahkan, dia, bangga, anake, gak, diimunisasi, sama, sekali, tapi, update, an, akhir, akhir, inj, anaknya, masuk, rs, kayanya, kena, sejenis, pneumia, gitu, piye, yaa","heran, orang, bilang, vaksin, imunisasi, balita, menimbulkan, penyakit, bangga, anake, diimunisasi, update, an, inj, anaknya, masuk, rs, kayanya, kena, sejenis, pneumia, gitu, piye","heran, orang, bilang, vaksin, imunisas, balita, timbul, tyakit, bangga, anake, imunisas, update, an, inj, anak, masuk, rs, kaya, kena, jenis, pneumia, gitu, piye",heran orang bilang vaksin imunisas balita timbul tyakit bangga anake imunisas update an inj anak masuk rs kaya kena jenis pneumia gitu piye,,
,30,"lagi di puskesmas, ngobrol sama ibu hamil.
dia cerita ini hamil anak kedua, terus jarang cek dokter karna suaminya ribet.

""suami saya mah ribet, ga boleh ini itu. dari anak pertama juga gaboleh imunisasi sama sekali.""

GA BOLEH IMUNISASI............ gue cuma diem karna beneran baru ini nemu orang anti vaksin & MASIH MUDA😭😭😭😭😭😭😭",X.com,"lagi, di, puskesmas, ngobrol, sama, ibu, hamil, dia, cerita, ini, hamil, anak, kedua, terus, jarang, cek, dokter, karna, suaminya, ribet, suami, saya, mah, ribet, ga, boleh, ini, itu, dari, anak, pertama, juga, gaboleh, imunisasi, sama, sekali, ga, boleh, imunisasi, gue, cuma, diem, karna, beneran, baru, ini, nemu, orang, anti, vaksin, masih, muda","puskesmas, ngobrol, hamil, cerita, hamil, anak, jarang, cek, dokter, karna, suaminya, ribet, suami, mah, ribet, anak, gaboleh, imunisasi, imunisasi, gue, diem, karna, beneran, nemu, orang, anti, vaksin, muda","puskesmas, ngobrol, hamil, cerita, hamil, anak, jarang, cek, dokter, karna, suam, ribet, suam, mah, ribet, anak, gaboleh, imunisas, imunisas, gue, diem, karna, ner, ne, orang, anti, vaksin, muda",puskesmas ngobrol hamil cerita hamil anak jarang cek dokter karna suam ribet suam mah ribet anak gaboleh imunisas imunisas gue diem karna ner ne orang anti vaksin muda,,
,31,"Pas di pkm dulu, sempat beberapa kali nemu case gini.. bahkan banyak yang ibu2 inidiem2 vaksin anaknya tanpa sepengetahuan suami… 

kata salah satu ibu gini “suami sy dok gak izinin kalo anak2 disuntik2 gt.. imunisasi gk dibolein, sy kalo ke posyandu bilang mau timbang aja pdhl aslinya saya mau nyuntikin anak saya, soalnya kata bidan sm kadernya ini penting.. emg kalo di suntuk kdg ada efek samping panas, tp cm 1-2 hr aja, kan udah beres.. drpd parah nanti kenapa2 kalo ga disuntik”",X.com,"pas, di, pkm, dulu, sempat, beberapa, kali, nemu, case, gini, bahkan, banyak, yang, ibu, inidiem, vaksin, anaknya, tanpa, sepengetahuan, suami, kata, salah, satu, ibu, gini, suami, sy, dok, gak, izinin, kalo, anak, disuntik, gt, imunisasi, gk, dibolein, sy, kalo, ke, posyandu, bilang, mau, timbang, aja, pdhl, aslinya, saya, mau, nyuntikin, anak, saya, soalnya, kata, bidan, sm, kadernya, ini, penting, emg, kalo, di, suntuk, kdg, ada, efek, samping, panas, tp, cm, hr, aja, kan, udah, beres, drpd, parah, nanti, kenapa, kalo, ga, disuntik","pas, pkm, kali, nemu, case, gini, inidiem, vaksin, anaknya, sepengetahuan, suami, salah, gini, suami, sy, dok, izinin, kalo, anak, disuntik, gt, imunisasi, dibolein, sy, kalo, posyandu, bilang, timbang, pdhl, aslinya, nyuntikin, anak, bidan, kadernya, kalo, suntuk, kdg, efek, samping, panas, cm, hr, beres, drpd, parah, kalo, disuntik","pas, pkm, kali, ne, case, gini, inidiem, vaksin, anak, pengetahu, suam, sa, gini, suam, sy, dok, izinin, kalo, anak, suntik, gt, imunisas, bolein, sy, kalo, posyandu, bilang, timbang, pdhl, asli, nyuntikin, anak, bidan, kader, kalo, suntuk, kdg, efek, samping, panas, cm, hr, beres, drpd, parah, kalo, suntik",pas pkm kali ne case gini inidiem vaksin anak pengetahu suam sa gini suam sy dok izinin kalo anak suntik gt imunisas bolein sy kalo posyandu bilang timbang pdhl asli nyuntikin anak bidan kader kalo suntuk kdg efek samping panas cm hr beres drpd parah kalo suntik,,
,32,"Bersyukur bgt dulu pas bayi-balita dikasi vaksin lengkap, imunisasi dll nya langsung ke dokter spesialis anak. Di tahun segitu, udah termasuh mewah bgt. Gapake ke posyandu posyanduan",X.com,"bersyukur, bgt, dulu, pas, bayi, balita, dikasi, vaksin, lengkap, imunisasi, dll, nya, langsung, ke, dokter, spesialis, anak, di, tahun, segitu, udah, termasuh, mewah, bgt, gapake, ke, posyandu, posyanduan","bersyukur, pas, bayi, balita, dikasi, vaksin, lengkap, imunisasi, dll, nya, langsung, dokter, spesialis, anak, segitu, termasuh, mewah, gapake, posyandu, posyanduan","syukur, pas, bayi, balita, kas, vaksin, lengkap, imunisas, dll, nya, langsung, dokter, spesialis, anak, gitu, masuh, wah, gapake, posyandu, posyandu",syukur pas bayi balita kas vaksin lengkap imunisas dll nya langsung dokter spesialis anak gitu masuh wah gapake posyandu posyandu,,
,33,"brainwashing jaman dulu tinggal kerahin aparat ke kelurahan, minggu depan jadwalin vaksinasi di kelurahan, beres. gak bakal ada yang tanya ini itu. jaman sekarang bisa kaya' gitu? belum lagi antivax yang semakin gencar upload konten anak sehat tanpa vaksin.",X.com,"brainwashing, jaman, dulu, tinggal, kerahin, aparat, ke, kelurahan, minggu, depan, jadwalin, vaksinasi, di, kelurahan, beres, gak, bakal, ada, yang, tanya, ini, itu, jaman, sekarang, bisa, kaya, gitu, belum, lagi, antivax, yang, semakin, gencar, upload, konten, anak, sehat, tanpa, vaksin","brainwashing, jaman, tinggal, kerahin, aparat, kelurahan, minggu, jadwalin, vaksinasi, kelurahan, beres, jaman, kaya, gitu, antivax, gencar, upload, konten, anak, sehat, vaksin","brainwashing, jaman, tinggal, rahin, aparat, lurah, minggu, jadwalin, vaksinas, lurah, beres, jaman, kaya, gitu, antivax, gencar, upload, konten, anak, hat, vaksin",brainwashing jaman tinggal rahin aparat lurah minggu jadwalin vaksinas lurah beres jaman kaya gitu antivax gencar upload konten anak hat vaksin,,
,34,"Hampir 2.000 anak terinfeksi dan 12 di antaranya meninggal akibat infeksi campak di Sumenep, Jawa Timur dalam delapan bulan terakhir.

Campak disebut mewabah di Sumenep karena rendahnya cakupan imunisasi, salah satunya akibat hoaks vaksin haram.",X.com,"hampir, anak, terinfeksi, dan, di, antaranya, meninggal, akibat, infeksi, campak, di, sumenep, jawa, timur, dalam, delapan, bulan, terakhir, campak, disebut, mewabah, di, sumenep, karena, rendahnya, cakupan, imunisasi, salah, satunya, akibat, hoaks, vaksin, haram","anak, terinfeksi, meninggal, akibat, infeksi, campak, sumenep, jawa, timur, delapan, campak, mewabah, sumenep, rendahnya, cakupan, imunisasi, salah, satunya, akibat, hoaks, vaksin, haram","anak, infeks, tinggal, akibat, infeks, campak, sumenep, jawa, timur, delap, campak, wabah, sumenep, rendah, cakup, imunisas, sa, satu, akibat, hoaks, vaksin, haram",anak infeks tinggal akibat infeks campak sumenep jawa timur delap campak wabah sumenep rendah cakup imunisas sa satu akibat hoaks vaksin haram,,
,35,"Semua imunisasi program untuk balita, bisa dikejar sampai dengan usia 5 tahun, kecuali BCG (max 11 bulan) dan Rotavirus (max 7 bulan) untuk Indonesia.",X.com,"semua, imunisasi, program, untuk, balita, bisa, dikejar, sampai, dengan, usia, tahun, kecuali, bcg, max, bulan, dan, rotavirus, max, bulan, untuk, indonesia","imunisasi, program, balita, dikejar, usia, kecuali, bcg, max, rotavirus, max, indonesia","imunisas, program, balita, kejar, usia, cual, bcg, max, rotavirus, max, indonesia",imunisas program balita kejar usia cual bcg max rotavirus max indonesia,,
,36,"Munculnya kembali korban jiwa akibat campak memicu kekhawatiran baru terhadap efektivitas program imunisasi nasional. Ketua DPR RI Puan Maharani meminta pemerintah segera mengevaluasi pelaksanaan vaksinasi, menyusul masih ditemukannya kematian baik pada balita maupun tenaga kesehatan sejak awal 2026.

“Kasus kematian akibat campak sejak awal tahun ini harus menjadi peringatan bagi kita semua. Ini juga menjadi kabar duka bagi layanan kesehatan Indonesia,” kata Puan dalam keterangannya kepada Parlementaria, Rabu (1/4/2026).

Data Kementerian Kesehatan mencatat 10 kematian akibat campak sepanjang 2026, meski tren kasus secara umum menunjukkan penurunan signifikan. Sebagian besar korban merupakan balita yang belum mendapatkan imunisasi. Selain itu, seorang dokter internsip berusia 25 tahun di Kabupaten Cianjur juga dilaporkan meninggal akibat komplikasi setelah diduga terpapar virus saat menangani pasien.",X.com,"munculnya, kembali, korban, jiwa, akibat, campak, memicu, kekhawatiran, baru, terhadap, efektivitas, program, imunisasi, nasional, ketua, dpr, ri, puan, maharani, meminta, pemerintah, segera, mengevaluasi, pelaksanaan, vaksinasi, menyusul, masih, ditemukannya, kematian, baik, pada, balita, maupun, tenaga, kesehatan, sejak, awal, kasus, kematian, akibat, campak, sejak, awal, tahun, ini, harus, menjadi, peringatan, bagi, kita, semua, ini, juga, menjadi, kabar, duka, bagi, layanan, kesehatan, indonesia, kata, puan, dalam, keterangannya, kepada, parlementaria, rabu, data, kementerian, kesehatan, mencatat, kematian, akibat, campak, sepanjang, meski, tren, kasus, secara, umum, menunjukkan, penurunan, signifikan, sebagian, besar, korban, merupakan, balita, yang, belum, mendapatkan, imunisasi, selain, itu, seorang, dokter, internsip, berusia, tahun, di, kabupaten, cianjur, juga, dilaporkan, meninggal, akibat, komplikasi, setelah, diduga, terpapar, virus, saat, menangani, pasien","munculnya, korban, jiwa, akibat, campak, memicu, kekhawatiran, efektivitas, program, imunisasi, nasional, ketua, dpr, ri, puan, maharani, pemerintah, mengevaluasi, pelaksanaan, vaksinasi, menyusul, ditemukannya, kematian, balita, tenaga, kesehatan, kematian, akibat, campak, peringatan, kabar, duka, layanan, kesehatan, indonesia, puan, keterangannya, parlementaria, rabu, data, kementerian, kesehatan, mencatat, kematian, akibat, campak, tren, penurunan, signifikan, korban, balita, imunisasi, dokter, internsip, berusia, kabupaten, cianjur, dilaporkan, meninggal, akibat, komplikasi, diduga, terpapar, virus, menangani, pasien","muncul, korb, jiwa, akibat, campak, picu, khawatir, efektivitas, program, imunisas, nasional, tua, dpr, ri, puan, maharan, perin, tgevaluas, laksana, vaksinas, tyusul, temu, mati, balita, tenaga, sehat, mati, akibat, campak, ingat, kabar, duka, layan, sehat, indonesia, puan, terang, parlementaria, rabu, data, menteri, sehat, catat, mati, akibat, campak, tren, turun, signifi, korb, balita, imunisas, dokter, internsip, usia, kabupaten, cianjur, lapor, tinggal, akibat, komplikas, duga, papar, virus, tangan, pasien",muncul korb jiwa akibat campak picu khawatir efektivitas program imunisas nasional tua dpr ri puan maharan perin tgevaluas laksana vaksinas tyusul temu mati balita tenaga sehat mati akibat campak ingat kabar duka layan sehat indonesia puan terang parlementaria rabu data menteri sehat catat mati akibat campak tren turun signifi korb balita imunisas dokter internsip usia kabupaten cianjur lapor tinggal akibat komplikas duga papar virus tangan pasien,,
,37,"Makanya anak bayi balita kecil sampe SD jgn diimunisasi.. Berbahaya.. Itu byk resiko. Zaman dulu gk ada imunisasi semua sehat gk ada penyakit yg macam""!",X.com,"makanya, anak, bayi, balita, kecil, sampe, sd, jgn, diimunisasi, berbahaya, itu, byk, resiko, zaman, dulu, gk, ada, imunisasi, semua, sehat, gk, ada, penyakit, yg, macam","anak, bayi, balita, sampe, sd, jgn, diimunisasi, berbahaya, byk, resiko, zaman, imunisasi, sehat, penyakit","anak, bayi, balita, sampe, sd, jgn, imunisas, bahaya, byk, resiko, zaman, imunisas, hat, tyakit",anak bayi balita sampe sd jgn imunisas bahaya byk resiko zaman imunisas hat tyakit,,
,38,"Campak memang menular,tetapi,pemberian vaksin secara merata tanpa mengetahui apakah mereka sudah pernah mendapatkan imunisasi campak sewaktu balita,& apakah mereka sudah pernah mengalami penyakit campak atau belum,sepertinya kurang tepat.
Sebab,campak hanya akan dialami sekali.",X.com,"campak, memang, menular, tetapi, pemberian, vaksin, secara, merata, tanpa, mengetahui, apakah, mereka, sudah, pernah, mendapatkan, imunisasi, campak, sewaktu, balita, apakah, mereka, sudah, pernah, mengalami, penyakit, campak, atau, belum, sepertinya, kurang, tepat, sebab, campak, hanya, akan, dialami, sekali","campak, menular, pemberian, vaksin, merata, imunisasi, campak, balita, mengalami, penyakit, campak, campak, dialami","campak, tular, beri, vaksin, rata, imunisas, campak, balita, tgalam, tyakit, campak, campak, alam",campak tular beri vaksin rata imunisas campak balita tgalam tyakit campak campak alam,,
,39,Emang ya balita abis di imunisasi jadi lagi aktif aktifnya harus sering pph pantau kaya arus lalu lintas,X.com,"emang, ya, balita, abis, di, imunisasi, jadi, lagi, aktif, aktifnya, harus, sering, pph, pantau, kaya, arus, lalu, lintas","balita, abis, imunisasi, aktif, aktifnya, pph, pantau, kaya, arus, lintas","balita, abis, imunisas, aktif, aktif, pph, pantau, kaya, arus, lintas",balita abis imunisas aktif aktif pph pantau kaya arus lintas,,
,40,"Faktor Risiko Campak:
❌ Belum/tidak imunisasi
❌ Anak balita & bayi
❌ Gizi buruk/malnutrisi
❌ Daya tahan tubuh lemah (HIV, kanker, dll)
Kelompok ini paling rentan tertular & mengalami komplikasi berat.",X.com,"faktor, risiko, campak, belum, tidak, imunisasi, anak, balita, bayi, gizi, buruk, malnutrisi, daya, tahan, tubuh, lemah, hiv, kanker, dll, kelompok, ini, paling, rentan, tertular, mengalami, komplikasi, berat","faktor, risiko, campak, imunisasi, anak, balita, bayi, gizi, buruk, malnutrisi, daya, tahan, tubuh, lemah, hiv, kanker, dll, kelompok, rentan, tertular, mengalami, komplikasi, berat","faktor, risiko, campak, imunisas, anak, balita, bayi, gizi, buruk, malnutris, daya, tahan, tubuh, lemah, hiv, kanker, dll, lompok, rent, tular, tgalam, komplikas, berat",faktor risiko campak imunisas anak balita bayi gizi buruk malnutris daya tahan tubuh lemah hiv kanker dll lompok rent tular tgalam komplikas berat,,
,41,"Ati2 skrg bnyak kasus habis imunisasi, balita tambah ngedrop bhkn meninggal. Jk dl kasus kipi ini sedikit atau bhkan tk terlaporkan jk ada. Hny sj knp skrg seolah marak?? Ada bnyk faktor, salah satunya si cairan surga itu udh gk sama isinya dg yg sebelumnya. Lebih ganas? Maybe!",X.com,"ati, skrg, bnyak, kasus, habis, imunisasi, balita, tambah, ngedrop, bhkn, meninggal, jk, dl, kasus, kipi, ini, sedikit, atau, bhkan, tk, terlaporkan, jk, ada, hny, sj, knp, skrg, seolah, marak, ada, bnyk, faktor, salah, satunya, si, cairan, surga, itu, udh, gk, sama, isinya, dg, yg, sebelumnya, lebih, ganas, maybe","ati, skrg, bnyak, habis, imunisasi, balita, ngedrop, bhkn, meninggal, jk, dl, kipi, bhkan, tk, terlaporkan, jk, hny, sj, knp, skrg, marak, bnyk, faktor, salah, satunya, si, cairan, surga, isinya, ganas, maybe","ati, skrg, bnyak, habis, imunisas, balita, ngedrop, bhkn, tinggal, jk, dl, kipi, bhkan, tk, lapor, jk, hny, sj, knp, skrg, marak, bnyk, faktor, sa, satu, si, cair, surga, isi, ganas, maybe",ati skrg bnyak habis imunisas balita ngedrop bhkn tinggal jk dl kipi bhkan tk lapor jk hny sj knp skrg marak bnyk faktor sa satu si cair surga isi ganas maybe,,
,42,Campak bukan masalah sepele. Puan Maharani dorong pemerintah evaluasi cakupan imunisasi yang mulai kendor. Balita dan orang dewasa jadi taruhannya. Mari kawal bareng-bareng! 🩺📢,X.com,"campak, bukan, masalah, sepele, puan, maharani, dorong, pemerintah, evaluasi, cakupan, imunisasi, yang, mulai, kendor, balita, dan, orang, dewasa, jadi, taruhannya, mari, kawal, bareng, bareng","campak, sepele, puan, maharani, dorong, pemerintah, evaluasi, cakupan, imunisasi, kendor, balita, orang, dewasa, taruhannya, mari, kawal, bareng, bareng","campak, pele, puan, maharan, dorong, perin, evaluas, cakup, imunisas, ndor, balita, orang, dewasa, taruh, mari, kawal, bareng, bareng",campak pele puan maharan dorong perin evaluas cakup imunisas ndor balita orang dewasa taruh mari kawal bareng bareng,,
,43,"Pemerintah dapat ""Suntikan"" dari kacung WHO lalu menjadikan rakyat bahan uji coba vaksin TBC menurutmu urgen gitu?

Lha terus Imunisasi ""BCG"" pada balita itu apa gunanya?

Kemenkes,IDI gak becus kerja, otaknya cuma cuan dan cuan

Negara mandiri: ""Ndasmu""",X.com,"pemerintah, dapat, suntikan, dari, kacung, who, lalu, menjadikan, rakyat, bahan, uji, coba, vaksin, tbc, menurutmu, urgen, gitu, lha, terus, imunisasi, bcg, pada, balita, itu, apa, gunanya, kemenkes, idi, gak, becus, kerja, otaknya, cuma, cuan, dan, cuan, negara, mandiri, ndasmu","pemerintah, suntikan, kacung, who, menjadikan, rakyat, bahan, uji, coba, vaksin, tbc, menurutmu, urgen, gitu, lha, imunisasi, bcg, balita, gunanya, kemenkes, idi, becus, kerja, otaknya, cuan, cuan, negara, mandiri, ndasmu","perin, sunti, kacung, who, jadi, rakyat, bahan, uji, coba, vaksin, tbc, turut, urgen, gitu, lha, imunisas, bcg, balita, guna, menkes, idi, cus, rja, otak, cuan, cuan, negara, mandir, ndas",perin sunti kacung who jadi rakyat bahan uji coba vaksin tbc turut urgen gitu lha imunisas bcg balita guna menkes idi cus rja otak cuan cuan negara mandir ndas,,
,44,"makin hari makin banyak orang yg ga kb krn ikutnya pengajian yg spesial. di sini udah banyak yg gamau kb + anti imunisasi krn alasan agama, korbannya? ibu dan anak.  anaknya pada stunting, ibunya stres sampe tua masih disuruh ngurus balita. fyi di sini ada yg sampe punya 7 anak.",X.com,"makin, hari, makin, banyak, orang, yg, ga, kb, krn, ikutnya, pengajian, yg, spesial, di, sini, udah, banyak, yg, gamau, kb, anti, imunisasi, krn, alasan, agama, korbannya, ibu, dan, anak, anaknya, pada, stunting, ibunya, stres, sampe, tua, masih, disuruh, ngurus, balita, fyi, di, sini, ada, yg, sampe, punya, anak","orang, kb, ikutnya, pengajian, spesial, gamau, kb, anti, imunisasi, alasan, agama, korbannya, anak, anaknya, stunting, ibunya, stres, sampe, tua, disuruh, ngurus, balita, fyi, sampe, anak","orang, kb, ikut, tgaji, spesial, gamau, kb, anti, imunisas, alas, agama, korb, anak, anak, stunting, ibu, stres, sampe, tua, suruh, ngurus, balita, fyi, sampe, anak",orang kb ikut tgaji spesial gamau kb anti imunisas alas agama korb anak anak stunting ibu stres sampe tua suruh ngurus balita fyi sampe anak,,
,45,"selama ikut SSGI aku jadi tahu kondisi gizi balita & jalannya kebijakan gizi di Indo. masih banyak dijumpai balita gizi kurang & stunting yg belum dpt makanan tambahan, sanitasi buruk, ortu belum paham ttg pola asuh, balita blm imunisasi, bahkan ahli gizinya pun masih kurang",X.com,"selama, ikut, ssgi, aku, jadi, tahu, kondisi, gizi, balita, jalannya, kebijakan, gizi, di, indo, masih, banyak, dijumpai, balita, gizi, kurang, stunting, yg, belum, dpt, makanan, tambahan, sanitasi, buruk, ortu, belum, paham, ttg, pola, asuh, balita, blm, imunisasi, bahkan, ahli, gizinya, pun, masih, kurang","ssgi, kondisi, gizi, balita, jalannya, kebijakan, gizi, indo, dijumpai, balita, gizi, stunting, dpt, makanan, tambahan, sanitasi, buruk, ortu, paham, ttg, pola, asuh, balita, blm, imunisasi, ahli, gizinya","	ssgi, kondis, gizi, balita, jalan, bija, gizi, indo, jumpa, balita, gizi, stunting, dpt, makan, tambah, sanitas, buruk, ortu, paham, ttg, pola, asuh, balita, blm, imunisas, ahli, gizi",ssgi kondis gizi balita jalan bija gizi indo jumpa balita gizi stunting dpt makan tambah sanitas buruk ortu paham ttg pola asuh balita blm imunisas ahli gizi,,
,46,"Kemarin pas imunisasi, bener sih dilakukan di ruangan terbuka tapiiiiii ada bapak2 yg ngerokok dan nakesnya pada diem semua, itu ruangan isinya balita dan bayi2 tapi bapak2 itu dengan santainya ngerokok, lebih parahnya lagi gk ditegur pula sama nakes di situ 🙃",X.com,"kemarin, pas, imunisasi, bener, sih, dilakukan, di, ruangan, terbuka, tapiiiiii, ada, bapak, yg, ngerokok, dan, nakesnya, pada, diem, semua, itu, ruangan, isinya, balita, dan, bayi, tapi, bapak, itu, dengan, santainya, ngerokok, lebih, parahnya, lagi, gk, ditegur, pula, sama, nakes, di, situ","kemarin, pas, imunisasi, bener, ruangan, terbuka, tapiiiiii, ngerokok, nakesnya, diem, ruangan, isinya, balita, bayi, santainya, ngerokok, parahnya, ditegur, nakes, situ","marin, pas, imunisas, ner, ruang, buka, tapiiiii, ngerokok, nakes, diem, ruang, isi, balita, bayi, santa, ngerokok, parah, tegur, nakes, situ",marin pas imunisas ner ruang buka tapiiiii ngerokok nakes diem ruang isi balita bayi santa ngerokok parah tegur nakes situ,,
,47,"Posyandu itu gunanya banyak sekali kak. Salah satunya membantu org tua memonitor kesehatan balita, termasuk berat badan, imunisasi. Gak buang2 anggaran. Posyandu tuh udh bagus. Yg jd masalah, banyak keluarga anak wasting & stunting yg stelah digali, emg sulit dapat bahan makanan",X.com,"posyandu, itu, gunanya, banyak, sekali, kak, salah, satunya, membantu, org, tua, memonitor, kesehatan, balita, termasuk, berat, badan, imunisasi, gak, buang, anggaran, posyandu, tuh, udh, bagus, yg, jd, masalah, banyak, keluarga, anak, wasting, stunting, yg, stelah, digali, emg, sulit, dapat, bahan, makanan","posyandu, gunanya, kak, salah, satunya, membantu, tua, memonitor, kesehatan, balita, berat, badan, imunisasi, buang, anggaran, posyandu, tuh, bagus, jd, keluarga, anak, wasting, stunting, stelah, digali, sulit, bahan, makanan","posyandu, guna, kak, sa, satu, bantu, tua, ponitor, sehat, balita, berat, badan, imunisas, buang, anggar, posyandu, tuh, bagus, jd, luarga, anak, wasting, stunting, ste, gal, sulit, bahan, makan",posyandu guna kak sa satu bantu tua ponitor sehat balita berat badan imunisas buang anggar posyandu tuh bagus jd luarga anak wasting stunting ste gal sulit bahan makan,,
,48,"Rata-rata anak yang tidak mendapat imunisasi, itu kekebalan tubuhnya memang kurang. Ah gapapa kok, anaknya sehat tapi apa kamu tahu? Di Indonesia muncul kembali kasus polio baru? Belum lagi campak? Diare? Diare sekarang kalau menyerang bayi dan balita bisa fatal.",X.com,"rata, rata, anak, yang, tidak, mendapat, imunisasi, itu, kekebalan, tubuhnya, memang, kurang, ah, gapapa, kok, anaknya, sehat, tapi, apa, kamu, tahu, di, indonesia, muncul, kembali, kasus, polio, baru, belum, lagi, campak, diare, diare, sekarang, kalau, menyerang, bayi, dan, balita, bisa, fatal","anak, imunisasi, kekebalan, tubuhnya, ah, gapapa, anaknya, sehat, indonesia, muncul, polio, campak, diare, diare, menyerang, bayi, balita, fatal","anak, imunisas, kebal, tubuh, ah, gapapa, anak, hat, indonesia, muncul, polio, campak, are, are, tyerang, bayi, balita, fatal",anak imunisas kebal tubuh ah gapapa anak hat indonesia muncul polio campak are are tyerang bayi balita fatal,,
,49,"Dulu tetanggaku ada yg bgini, dia ikut aliran yg apa2 bid'ah gitu jd gk mau imunisasi. Selang beberapa tahun dr 3 anaknya yg mati 2 sisa 1 yg idup, pas di cek sakitnya udh komplilasi pdhl msh balita dan batita, yg bertahan cmn yg msh SD.",X.com,"dulu, tetanggaku, ada, yg, bgini, dia, ikut, aliran, yg, apa, bid, ah, gitu, jd, gk, mau, imunisasi, selang, beberapa, tahun, dr, anaknya, yg, mati, sisa, yg, idup, pas, di, cek, sakitnya, udh, komplilasi, pdhl, msh, balita, dan, batita, yg, bertahan, cmn, yg, msh, sd","tetanggaku, bgini, aliran, bid, ah, gitu, jd, imunisasi, selang, anaknya, mati, sisa, idup, pas, cek, sakitnya, komplilasi, pdhl, msh, balita, batita, bertahan, cmn, msh, sd","tetangga, bgin, alir, bid, ah, gitu, jd, imunisas, lang, anak, mati, sisa, idup, pas, cek, sakit, komplilas, pdhl, msh, balita, batita, tah, cmn, msh, sd",tetangga bgin alir bid ah gitu jd imunisas lang anak mati sisa idup pas cek sakit komplilas pdhl msh balita batita tah cmn msh sd,,
,50,buset segitu pentingnya imunisasi buat balita masih ada orang tua gapunya otak kayak gini. pentingnya naikin kapasitas otak dulu biar bisa mikir baru kesanggupam menikah. semoga dedeknya sehat terus kedepannya makin pinter lebih dri ortunya.,X.com,"buset, segitu, pentingnya, imunisasi, buat, balita, masih, ada, orang, tua, gapunya, otak, kayak, gini, pentingnya, naikin, kapasitas, otak, dulu, biar, bisa, mikir, baru, kesanggupam, menikah, semoga, dedeknya, sehat, terus, kedepannya, makin, pinter, lebih, dri, ortunya","buset, segitu, imunisasi, balita, orang, tua, gapunya, otak, kayak, gini, naikin, kapasitas, otak, biar, mikir, kesanggupam, menikah, semoga, dedeknya, sehat, kedepannya, pinter, dri, ortunya","buset, gitu, imunisas, balita, orang, tua, gapu, otak, kayak, gini, naikin, kapasitas, otak, biar, mikir, sanggupam, meni, moga, dedek, hat, dep, pinter, dri, ortu",buset gitu imunisas balita orang tua gapu otak kayak gini naikin kapasitas otak biar mikir sanggupam meni moga dedek hat dep pinter dri ortu,,